{
    "task_index": {
        "min": [
            0
        ],
        "max": [
            0
        ],
        "mean": [
            0.0
        ],
        "std": [
            0.0
        ],
        "count": [
            1203
        ],
        "q01": [
            3.9999999999994176e-16
        ],
        "q10": [
            3.999999999999418e-15
        ],
        "q50": [
            1.9999999999997088e-14
        ],
        "q90": [
            3.599999999999476e-14
        ],
        "q99": [
            3.9599999999994235e-14
        ]
    },
    "observation.images.head_color": {
        "min": [
            [
                [
                    0.0
                ]
            ],
            [
                [
                    0.0
                ]
            ],
            [
                [
                    0.0
                ]
            ]
        ],
        "max": [
            [
                [
                    1.0
                ]
            ],
            [
                [
                    0.996078431372549
                ]
            ],
            [
                [
                    1.0
                ]
            ]
        ],
        "mean": [
            [
                [
                    0.4669039445911363
                ]
            ],
            [
                [
                    0.4714841431959318
                ]
            ],
            [
                [
                    0.5127814371342886
                ]
            ]
        ],
        "std": [
            [
                [
                    0.002761414846592222
                ]
            ],
            [
                [
                    0.002861003576610976
                ]
            ],
            [
                [
                    0.003133530025313294
                ]
            ]
        ],
        "count": [
            19248000
        ],
        "q01": [
            [
                [
                    0.08915057740698684
                ]
            ],
            [
                [
                    0.10882728144104599
                ]
            ],
            [
                [
                    0.13245368140131153
                ]
            ]
        ],
        "q10": [
            [
                [
                    0.14805978804486336
                ]
            ],
            [
                [
                    0.16536288047330655
                ]
            ],
            [
                [
                    0.21408373182088636
                ]
            ]
        ],
        "q50": [
            [
                [
                    0.5407359048829631
                ]
            ],
            [
                [
                    0.5321411230713555
                ]
            ],
            [
                [
                    0.538667319291884
                ]
            ]
        ],
        "q90": [
            [
                [
                    0.7427768294290513
                ]
            ],
            [
                [
                    0.7528164234247569
                ]
            ],
            [
                [
                    0.757713010359241
                ]
            ]
        ],
        "q99": [
            [
                [
                    0.8037480159089315
                ]
            ],
            [
                [
                    0.8084817121370976
                ]
            ],
            [
                [
                    0.8258590337050002
                ]
            ]
        ]
    },
    "index": {
        "min": [
            0
        ],
        "max": [
            1202
        ],
        "mean": [
            601.0
        ],
        "std": [
            347.27606693618645
        ],
        "count": [
            1203
        ],
        "q01": [
            420.60814275301885
        ],
        "q10": [
            453.91909868653664
        ],
        "q50": [
            600.6479898586864
        ],
        "q90": [
            748.0809013134633
        ],
        "q99": [
            781.3918572469812
        ]
    },
    "frame_index": {
        "min": [
            0
        ],
        "max": [
            541
        ],
        "mean": [
            183.62011637572735
        ],
        "std": [
            140.5141118248683
        ],
        "count": [
            1203
        ],
        "q01": [
            3.228259128746235
        ],
        "q10": [
            36.539215062264
        ],
        "q50": [
            183.26810623441378
        ],
        "q90": [
            330.70101768919073
        ],
        "q99": [
            364.01197362270847
        ]
    },
    "observation.images.hand_right": {
        "min": [
            [
                [
                    0.0
                ]
            ],
            [
                [
                    0.0
                ]
            ],
            [
                [
                    0.0
                ]
            ]
        ],
        "max": [
            [
                [
                    1.0
                ]
            ],
            [
                [
                    1.0
                ]
            ],
            [
                [
                    1.0
                ]
            ]
        ],
        "mean": [
            [
                [
                    0.573632195475611
                ]
            ],
            [
                [
                    0.5863142878407562
                ]
            ],
            [
                [
                    0.5799600080371959
                ]
            ]
        ],
        "std": [
            [
                [
                    0.012563757190194327
                ]
            ],
            [
                [
                    0.011192053070464909
                ]
            ],
            [
                [
                    0.009863407619512278
                ]
            ]
        ],
        "count": [
            25407360
        ],
        "q01": [
            [
                [
                    0.043356272175236
                ]
            ],
            [
                [
                    0.07191395450918257
                ]
            ],
            [
                [
                    0.04114623672158972
                ]
            ]
        ],
        "q10": [
            [
                [
                    0.19238982735019683
                ]
            ],
            [
                [
                    0.23347131891095935
                ]
            ],
            [
                [
                    0.22758279073629842
                ]
            ]
        ],
        "q50": [
            [
                [
                    0.6169705187977075
                ]
            ],
            [
                [
                    0.608569403267674
                ]
            ],
            [
                [
                    0.5935978810271795
                ]
            ]
        ],
        "q90": [
            [
                [
                    0.9021722001546166
                ]
            ],
            [
                [
                    0.9158150455824671
                ]
            ],
            [
                [
                    0.9030865427863622
                ]
            ]
        ],
        "q99": [
            [
                [
                    0.9840176308256783
                ]
            ],
            [
                [
                    0.9923196801454118
                ]
            ],
            [
                [
                    0.9846605078855768
                ]
            ]
        ]
    },